Workbook

Sheet Demographics
A1: subject_id | B1: date | C1: condition | D1: age | E1: education | F1: gender | G1: income | H1: race | I1: ethnicity | J1: parent | K1: toddler_interaction | L1: toddler_int_frequency
A2: TTA_001 | B2: {=_xlfn.XLOOKUP(A2,Counterbalances!C2:C176,Counterbalances!D2:E176)} -> 45693 | C2: child | D2: 18 | E2: some college | F2: female | G2: 40 - 75 | H2: african-american | I2: non-hispanic | J2: no | K2: yes | L2: monthly
A3: TTA_002 | B3: {=_xlfn.XLOOKUP(A3,Counterbalances!C3:C177,Counterbalances!D3:E177)} -> 45693 | C3: peer | D3: 18 | E3: high school graduate | F3: female | G3: >150 | H3: african-american | I3: non-hispanic | J3: no | K3: yes | L3: monthly
A4: TTA_003 | B4: {=_xlfn.XLOOKUP(A4,Counterbalances!C4:C178,Counterbalances!D4:E178)} -> 45693 | C4: peer | D4: 18 | E4: high school graduate | F4: female | G4: 75 - 150 | H4: white | I4: non-hispanic | J4: no | K4: yes | L4: rare
A5: TTA_004 | B5: {=_xlfn.XLOOKUP(A5,Counterbalances!C5:C179,Counterbalances!D5:E179)} -> 45693 | C5: short | D5: 20 | E5: associates | F5: female | G5: <20 | H5: white | I5: non-hispanic | J5: no | K5: yes | L5: weekly
A6: TTA_005 | B6: {=_xlfn.XLOOKUP(A6,Counterbalances!C6:C180,Counterbalances!D6:E180)} -> 45693 | C6: short | D6: 19 | E6: some college | F6: female | G6: 40 - 75 | H6: white | I6: non-hispanic | J6: no | K6: no | L6: rare
A7: TTA_006 | B7: {=_xlfn.XLOOKUP(A7,Counterbalances!C7:C181,Counterbalances!D7:E181)} -> 45693 | C7: creative | E7: high school graduate | F7: female | G7: 75 - 150 | H7: white | I7: hispanic | J7: no | K7: yes | L7: monthly
A8: TTA_007 | B8: {=_xlfn.XLOOKUP(A8,Counterbalances!C8:C182,Counterbalances!D8:E182)} -> 45693 | C8: creative | D8: 22 | E8: high school graduate | F8: female | G8: 75 - 150 | H8: african-american | I8: non-hispanic | J8: no | K8: yes | L8: monthly
A9: TTA_008 | B9: {=_xlfn.XLOOKUP(A9,Counterbalances!C9:C183,Counterbalances!D9:E183)} -> 45694 | C9: child | D9: 18 | E9: high school graduate | F9: female | G9: <20 | H9: african-american | I9: non-hispanic | J9: no | K9: yes | L9: monthly
A10: TTA_009 | B10: {=_xlfn.XLOOKUP(A10,Counterbalances!C10:C184,Counterbalances!D10:E184)} -> 45694 | C10: child | D10: 20 | E10: some college | F10: female | G10: >150 | H10: white/asian | I10: non-hispanic | J10: no | K10: yes | L10: rare
A11: TTA_010 | B11: {=_xlfn.XLOOKUP(A11,Counterbalances!C11:C185,Counterbalances!D11:E185)} -> 45699 | C11: peer | D11: 19 | E11: high school graduate | F11: female | G11: 75 - 150 | H11: african-american | I11: non-hispanic | J11: no | K11: yes | L11: few/week
A12: TTA_011 | B12: {=_xlfn.XLOOKUP(A12,Counterbalances!C12:C186,Counterbalances!D12:E186)} -> 45699 | C12: peer | D12: 21 | E12: some college | F12: female | G12: 75 - 150 | H12: white | I12: non-hispanic | J12: no | K12: yes | L12: monthly
A13: TTA_012 | B13: {=_xlfn.XLOOKUP(A13,Counterbalances!C13:C187,Counterbalances!D13:E187)} -> 45699 | C13: short | D13: 20 | E13: associates | F13: female | G13: 20 - 40 | H13: african-american | I13: non-hispanic | J13: no | K13: yes | L13: rare
A14: TTA_013 | B14: {=_xlfn.XLOOKUP(A14,Counterbalances!C14:C188,Counterbalances!D14:E188)} -> 45699 | C14: creative | D14: 18 | E14: high school graduate | F14: female | G14: <20 | H14: african-american | I14: non-hispanic | J14: no | K14: no | L14: rare
A15: TTA_014 | B15: {=_xlfn.XLOOKUP(A15,Counterbalances!C15:C189,Counterbalances!D15:E189)} -> 45699 | C15: child | D15: 20 | E15: high school graduate | F15: female | G15: 20 - 40 | H15: asian | I15: non-hispanic | J15: no | K15: yes | L15: daily
A16: TTA_015 | B16: {=_xlfn.XLOOKUP(A16,Counterbalances!C16:C190,Counterbalances!D16:E190)} -> 45699 | C16: child | D16: 20 | E16: some college | F16: female | G16: 40 - 75 | H16: other | I16: hispanic | J16: no | K16: no | L16: never
A17: TTA_016 | B17: {=_xlfn.XLOOKUP(A17,Counterbalances!C17:C191,Counterbalances!D17:E191)} -> 45700 | C17: short | D17: 19 | E17: high school graduate | F17: female | G17: 75 - 150 | H17: african-american | I17: non-hispanic | J17: no | K17: yes | L17: monthly
A18: TTA_017 | B18: {=_xlfn.XLOOKUP(A18,Counterbalances!C18:C192,Counterbalances!D18:E192)} -> 45700 | C18: short | D18: 18 | E18: some college | F18: female | G18: <20 | H18: african-american | I18: hispanic | J18: no | K18: yes | L18: monthly
A19: TTA_018 | B19: {=_xlfn.XLOOKUP(A19,Counterbalances!C19:C193,Counterbalances!D19:E193)} -> 45700 | C19: creative | D19: 19 | E19: high school graduate | F19: female | G19: 20 - 40 | H19: other | I19: hispanic | J19: no | K19: yes | L19: monthly
... A41: TTA_040 | B41: {=_xlfn.XLOOKUP(A41,Counterbalances!C41:C215,Counterbalances!D41:E215)} -> 45702 | C41: peer | D41: 19 | E41: high school graduate | F41: male | G41: 75 - 150 | H41: white | I41: non-hispanic | J41: no | K41: yes | L41: few/week
A42: TTA_041 | B42: {=_xlfn.XLOOKUP(A42,Counterbalances!C42:C216,Counterbalances!D42:E216)} -> 45702 | C42: short | D42: 19 | E42: some college | F42: female | H42: white | I42: ND | J42: no | K42: no | L42: rare
A43: TTA_042 | B43: {=_xlfn.XLOOKUP(A43,Counterbalances!C43:C217,Counterbalances!D43:E217)} -> 45702 | C43: short | D43: 21 | E43: some college | F43: male | G43: <20 | H43: white | I43: hispanic | J43: no | K43: no | L43: never
A44: TTA_043 | B44: {=_xlfn.XLOOKUP(A44,Counterbalances!C44:C218,Counterbalances!D44:E218)} -> 45705 | C44: child | D44: 20 | E44: some college | F44: female | G44: 40 - 75 | H44: asian | I44: non-hispanic | J44: no | K44: no | L44: rare
A45: TTA_044 | B45: {=_xlfn.XLOOKUP(A45,Counterbalances!C45:C219,Counterbalances!D45:E219)} -> 45705 | C45: child | D45: 19 | E45: high school graduate | F45: female | G45: 75 - 150 | H45: other | I45: hispanic | J45: no | K45: yes | L45: few/week
A46: TTA_045 | B46: {=_xlfn.XLOOKUP(A46,Counterbalances!C46:C220,Counterbalances!D46:E220)} -> 45705 | C46: peer | D46: 20 | E46: high school graduate | F46: female | G46: 75 - 150 | H46: white | I46: non-hispanic | J46: no | K46: no | L46: never
A47: TTA_046 | B47: {=_xlfn.XLOOKUP(A47,Counterbalances!C47:C221,Counterbalances!D47:E221)} -> 45705 | C47: peer | D47: 18 | E47: some college | F47: female | G47: <20 | H47: african-american | I47: non-hispanic | J47: no | K47: yes | L47: rare
A48: TTA_047 | B48: {=_xlfn.XLOOKUP(A48,Counterbalances!C48:C222,Counterbalances!D48:E222)} -> 45706 | C48: short | D48: 18 | E48: some college | F48: female | G48: 75 - 150 | H48: white | I48: non-hispanic | J48: no | K48: yes | L48: monthly
A49: TTA_048 | B49: {=_xlfn.XLOOKUP(A49,Counterbalances!C49:C223,Counterbalances!D49:E223)} -> 45706 | C49: short | D49: 19 | E49: high school graduate | F49: female | G49: 75 - 150 | H49: african-american | I49: non-hispanic | J49: no | K49: yes | L49: rare
A50: TTA_049 | B50: {=_xlfn.XLOOKUP(A50,Counterbalances!C50:C224,Counterbalances!D50:E224)} -> 45706 | C50: creative | D50: 19 | E50: high school graduate | F50: female | G50: <20 | H50: african-american | I50: non-hispanic | J50: no | K50: yes | L50: rare
A51: TTA_050 | B51: {=_xlfn.XLOOKUP(A51,Counterbalances!C51:C225,Counterbalances!D51:E225)} -> 45706 | C51: creative | D51: 20 | E51: some college | F51: female | G51: <20 | H51: african-american | I51: non-hispanic | J51: no | K51: no | L51: rare
A52: TTA_051 | B52: {=_xlfn.XLOOKUP(A52,Counterbalances!C52:C226,Counterbalances!D52:E226)} -> 45707 | C52: child | D52: 20 | E52: high school graduate | F52: female | G52: >150 | H52: white | I52: non-hispanic | J52: no | K52: yes | L52: weekly
A53: TTA_052 | B53: {=_xlfn.XLOOKUP(A53,Counterbalances!C53:C227,Counterbalances!D53:E227)} -> 45707 | C53: child | D53: 19 | E53: high school graduate | F53: female | G53: 75 - 150 | H53: african-american | I53: hispanic | J53: no | K53: yes | L53: rare
A54: TTA_053 | B54: {=_xlfn.XLOOKUP(A54,Counterbalances!C54:C228,Counterbalances!D54:E228)} -> 45707 | C54: short | D54: 19 | E54: some college | F54: male | G54: 75 - 150 | H54: asian | I54: non-hispanic | J54: no | K54: yes | L54: rare
... A83: TTA_082 | B83: {=_xlfn.XLOOKUP(A83,Counterbalances!C83:C257,Counterbalances!D83:E257)} -> 45713 | C83: short | D83: 18 | E83: some college | F83: female | G83: 40 - 75 | H83: african-american/asian | I83: hispanic | J83: no | K83: yes | L83: rare
A84: TTA_083 | B84: {=_xlfn.XLOOKUP(A84,Counterbalances!C84:C258,Counterbalances!D84:E258)} -> 45713 | C84: creative | D84: 18 | E84: high school graduate | F84: male | H84: asian | I84: non-hispanic | J84: no | K84: yes | L84: rare
A85: TTA_084 | B85: {=_xlfn.XLOOKUP(A85,Counterbalances!C85:C259,Counterbalances!D85:E259)} -> 45713 | C85: creative | D85: 20 | E85: some college | F85: male | G85: 75 - 150 | H85: white | I85: non-hispanic | J85: no | K85: yes | L85: monthly
A86: TTA_085 | B86: {=_xlfn.XLOOKUP(A86,Counterbalances!C86:C260,Counterbalances!D86:E260)} -> 45713 | C86: child | D86: 18 | E86: some college | F86: female | G86: >150 | H86: white | I86: non-hispanic | J86: no | K86: yes | L86: monthly
A87: TTA_086 | B87: {=_xlfn.XLOOKUP(A87,Counterbalances!C87:C261,Counterbalances!D87:E261)} -> 45713 | C87: child | D87: 18 | E87: some college | F87: female | G87: 75 - 150 | H87: white | I87: hispanic | J87: no | K87: yes | L87: weekly
A88: TTA_087 | B88: {=_xlfn.XLOOKUP(A88,Counterbalances!C88:C262,Counterbalances!D88:E262)} -> 45714 | C88: peer | D88: 19 | E88: some college | F88: male | G88: >150 | H88: white | I88: non-hispanic | J88: no | K88: yes | L88: monthly
A89: TTA_088 | B89: {=_xlfn.XLOOKUP(A89,Counterbalances!C89:C263,Counterbalances!D89:E263)} -> 45714 | C89: short | D89: 19 | E89: high school graduate | F89: male | G89: 40 - 75 | H89: white | I89: non-hispanic | J89: no | K89: yes | L89: rare
A90: TTA_089 | B90: {=_xlfn.XLOOKUP(A90,Counterbalances!C90:C264,Counterbalances!D90:E264)} -> 45714 | C90: short | D90: 20 | E90: some college | F90: female | G90: 75 - 150 | H90: white | I90: non-hispanic | J90: no | K90: yes | L90: monthly
A91: TTA_090 | B91: {=_xlfn.XLOOKUP(A91,Counterbalances!C91:C265,Counterbalances!D91:E265)} -> 45714 | C91: creative | D91: 19 | E91: some college | F91: female | G91: 75 - 150 | H91: african-american | I91: non-hispanic | J91: no | K91: yes | L91: weekly
A92: TTA_091 | B92: {=_xlfn.XLOOKUP(A92,Counterbalances!C92:C266,Counterbalances!D92:E266)} -> 45714 | C92: creative | D92: 20 | E92: high school graduate | F92: female | G92: 40 - 75 | H92: white | I92: non-hispanic | J92: no | K92: no | L92: monthly
A93: TTA_092 | B93: {=_xlfn.XLOOKUP(A93,Counterbalances!C93:C267,Counterbalances!D93:E267)} -> 45714 | C93: child | D93: 19 | E93: some college | F93: female | G93: >150 | H93: white | I93: hispanic | J93: no | K93: yes | L93: monthly
A94: TTA_093 | B94: {=_xlfn.XLOOKUP(A94,Counterbalances!C94:C268,Counterbalances!D94:E268)} -> 45714 | C94: child | D94: 19 | E94: high school graduate | F94: female | G94: 40 - 75 | H94: white | I94: non-hispanic | J94: no | K94: yes | L94: rare
A95: TTA_094 | B95: {=_xlfn.XLOOKUP(A95,Counterbalances!C95:C269,Counterbalances!D95:E269)} -> 45714 | C95: peer | D95: 18 | E95: some college | F95: female | G95: <20 | H95: white | I95: non-hispanic | J95: no | K95: yes | L95: monthly
A96: TTA_095 | B96: {=_xlfn.XLOOKUP(A96,Counterbalances!C96:C270,Counterbalances!D96:E270)} -> 45714 | C96: peer | D96: 18 | E96: some college | F96: female | G96: 40 - 75 | H96: african-american | I96: non-hispanic | J96: no | K96: yes | L96: daily
... A100: TTA_099 | B100: {=_xlfn.XLOOKUP(A100,Counterbalances!C100:C274,Counterbalances!D100:E274)} -> 45715 | C100: peer | D100: 18 | E100: some college | F100: female | G100: 75 - 150 | H100: white/african-american | I100: non-hispanic | J100: no | K100: yes | L100: monthly
A101: TTA_100 | B101: {=_xlfn.XLOOKUP(A101,Counterbalances!C101:C275,Counterbalances!D101:E275)} -> 45727 | C101: peer | D101: 18 | E101: some college | F101: female | H101: african-american | I101: non-hispanic | J101: no | K101: yes | L101: daily
A102: TTA_101 | B102: {=_xlfn.XLOOKUP(A102,Counterbalances!C102:C276,Counterbalances!D102:E276)} -> 45728 | C102: short | D102: 18 | E102: some college | F102: female | G102: <20 | H102: african-american | I102: non-hispanic | J102: no | K102: yes | L102: monthly
A103: TTA_103 | B103: {=_xlfn.XLOOKUP(A103,Counterbalances!C103:C277,Counterbalances!D103:E277)} -> 45729 | C103: child | D103: 18 | E103: high school graduate | F103: female | G103: 20 - 40 | H103: african-american | I103: non-hispanic | J103: no | K103: no | L103: rare
A104: TTA_104 | B104: {=_xlfn.XLOOKUP(A104,Counterbalances!C104:C278,Counterbalances!D104:E278)} -> 45729 | C104: child | D104: 20 | E104: high school graduate | F104: female | G104: 20 - 40 | H104: white | I104: non-hispanic | J104: no | K104: yes | L104: rare
A105: TTA_105 | B105: {=_xlfn.XLOOKUP(A105,Counterbalances!C105:C279,Counterbalances!D105:E279)} -> 45729 | C105: peer | D105: 19 | E105: high school graduate | F105: female | G105: <20 | H105: white | I105: non-hispanic | J105: no | K105: yes | L105: monthly
A106: TTA_106 | B106: {=_xlfn.XLOOKUP(A106,Counterbalances!C106:C280,Counterbalances!D106:E280)} -> 45729 | C106: peer | D106: 21 | E106: high school graduate | F106: female | G106: <20 | H106: african-american | I106: non-hispanic | J106: no | K106: yes | L106: monthly
A107: TTA_107 | B107: {=_xlfn.XLOOKUP(A107,Counterbalances!C107:C281,Counterbalances!D107:E281)} -> 45730 | C107: peer | D107: 22 | E107: some college | F107: female | G107: >150 | H107: white | I107: non-hispanic | J107: no | K107: yes | L107: monthly
A108: TTA_108 | B108: {=_xlfn.XLOOKUP(A108,Counterbalances!C108:C282,Counterbalances!D108:E282)} -> 45730 | C108: peer | D108: 22 | E108: some college | F108: female | G108: >150 | H108: white | I108: non-hispanic | J108: no | K108: yes | L108: rare
A109: TTA_109 | B109: {=_xlfn.XLOOKUP(A109,Counterbalances!C109:C283,Counterbalances!D109:E283)} -> 45730 | C109: creative | D109: 22 | E109: some college | F109: female | G109: 75 - 150 | H109: white | I109: non-hispanic | J109: no | K109: yes | L109: monthly
A110: TTA_110 | B110: {=_xlfn.XLOOKUP(A110,Counterbalances!C110:C284,Counterbalances!D110:E284)} -> 45730 | C110: creative | D110: 19 | E110: some college | F110: female | G110: 20 - 40 | H110: african-american | I110: non-hispanic | J110: no | K110: yes | L110: monthly
A111: TTA_111 | B111: {=_xlfn.XLOOKUP(A111,Counterbalances!C111:C285,Counterbalances!D111:E285)} -> 45730 | C111: creative | D111: 21 | E111: some college | F111: male | G111: <20 | H111: white | I111: non-hispanic | J111: no | K111: no | L111: rare
A112: TTA_112 | B112: {=_xlfn.XLOOKUP(A112,Counterbalances!C112:C286,Counterbalances!D112:E286)} -> 45730 | C112: creative | D112: 18 | E112: high school graduate | F112: female | G112: <20 | H112: african-american | I112: non-hispanic | J112: no | K112: yes | L112: rare
A113: TTA_113 | B113: {=_xlfn.XLOOKUP(A113,Counterbalances!C113:C287,Counterbalances!D113:E287)} -> 45730 | C113: peer | D113: 21 | E113: some college | F113: female | G113: >150 | H113: white/african-american | I113: hispanic | J113: no | K113: no | L113: rare
... A124: TTA_124 | B124: {=_xlfn.XLOOKUP(A124,Counterbalances!C124:C298,Counterbalances!D124:E298)} -> 45735 | C124: peer | D124: 20 | E124: some college | F124: female | G124: <20 | H124: african-american | I124: non-hispanic | J124: no | K124: yes | L124: rare
A125: TTA_125 | B125: {=_xlfn.XLOOKUP(A125,Counterbalances!C125:C299,Counterbalances!D125:E299)} -> 45735 | C125: peer | D125: 18 | E125: some college | F125: female | H125: african-american | I125: non-hispanic | J125: no | K125: yes | L125: rare
A126: TTA_126 | B126: {=_xlfn.XLOOKUP(A126,Counterbalances!C126:C300,Counterbalances!D126:E300)} -> 45735 | C126: child | D126: 20 | E126: high school graduate | F126: female | G126: 75 - 150 | H126: white | I126: non-hispanic | J126: no | K126: no | L126: rare
A127: TTA_127 | B127: {=_xlfn.XLOOKUP(A127,Counterbalances!C127:C301,Counterbalances!D127:E301)} -> 45735 | C127: short | D127: 22 | E127: some college | F127: female | G127: <20 | H127: african-american | I127: non-hispanic | J127: no | K127: yes | L127: rare
A128: TTA_128 | B128: {=_xlfn.XLOOKUP(A128,Counterbalances!C128:C302,Counterbalances!D128:E302)} -> 45735 | C128: short | D128: 21 | E128: associates | F128: male | G128: 75 - 150 | H128: white | I128: non-hispanic | J128: no | K128: yes | L128: few/week
A129: TTA_129 | B129: {=_xlfn.XLOOKUP(A129,Counterbalances!C129:C303,Counterbalances!D129:E303)} -> 45735 | C129: creative | D129: 19 | E129: some college | F129: female | H129: white | I129: non-hispanic | J129: no | K129: yes | L129: monthly
A130: TTA_130 | B130: {=_xlfn.XLOOKUP(A130,Counterbalances!C130:C304,Counterbalances!D130:E304)} -> 45735 | C130: creative | D130: 19 | E130: some college | F130: female | G130: <20 | H130: african-american | I130: non-hispanic | J130: no | K130: yes | L130: few/week
A131: TTA_131 | B131: {=_xlfn.XLOOKUP(A131,Counterbalances!C131:C305,Counterbalances!D131:E305)} -> 45735 | C131: child | D131: 21 | E131: associates | F131: male | G131: 75 - 150 | H131: white | I131: non-hispanic | J131: no | K131: yes | L131: few/week
A132: TTA_132 | B132: {=_xlfn.XLOOKUP(A132,Counterbalances!C132:C306,Counterbalances!D132:E306)} -> 45735 | C132: child | D132: 19 | E132: some college | F132: female | G132: 20 - 40 | H132: african-american | I132: non-hispanic | J132: no | K132: yes | L132: rare
A133: TTA_133 | B133: {=_xlfn.XLOOKUP(A133,Counterbalances!C133:C307,Counterbalances!D133:E307)} -> 45736 | C133: child | D133: 19 | E133: some college | F133: female | G133: >150 | H133: white | I133: non-hispanic | J133: no | K133: no | L133: rare
A134: TTA_134 | B134: {=_xlfn.XLOOKUP(A134,Counterbalances!C134:C308,Counterbalances!D134:E308)} -> 45736 | C134: child | D134: 22 | E134: some college | F134: female | G134: >150 | H134: white | I134: hispanic | J134: no | K134: yes | L134: monthly
A135: TTA_135 | B135: {=_xlfn.XLOOKUP(A135,Counterbalances!C135:C309,Counterbalances!D135:E309)} -> 45736 | C135: peer | D135: 19 | E135: high school graduate | F135: female | G135: <20 | H135: african-american | I135: non-hispanic | J135: no | K135: yes | L135: monthly
A136: TTA_136 | B136: {=_xlfn.XLOOKUP(A136,Counterbalances!C136:C310,Counterbalances!D136:E310)} -> 45736 | C136: short | D136: 19 | E136: some college | F136: female | G136: 40 - 75 | H136: african-american | I136: non-hispanic | J136: no | K136: yes | L136: rare

Sheet Counterbalances
A1: Session | B1: Computer ID (A or B) | C1: PPID | D1: Date | E1: Condition | F1: Completed | G1: PointsAwarded | H1: NoShow | I1: NoSignup | J1: child_count | K1: peer_count | L1: short_count | M1: creative_count
A2: 1 | B2: B | C2: TTA_001 | D2: 45693 | E2: child | F2: TRUE | G2: TRUE | H2: FALSE | I2: FALSE | J2: =IF(AND(E2="child",F2=TRUE), 1,0) -> 1 | K2: =IF(AND(E2="peer",F2=TRUE), 1,0) -> 0 | L2: =IF(AND(E2="short",F2=TRUE), 1,0) -> 0 | M2: =IF(AND(E2="creative",F2=TRUE), 1,0) -> 0
A3: 1 | B3: A | D3: 45693 | E3: child | F3: FALSE | G3: FALSE | H3: TRUE | I3: FALSE | J3: =IF(AND(E3="child",F3=TRUE), 1,0) -> 0 | K3: =IF(AND(E3="peer",F3=TRUE), 1,0) -> 0 | L3: =IF(AND(E3="short",F3=TRUE), 1,0) -> 0 | M3: =IF(AND(E3="creative",F3=TRUE), 1,0) -> 0
A4: =A2+1 -> 2 | B4: B | C4: TTA_002 | D4: 45693 | E4: peer | F4: TRUE | G4: TRUE | H4: FALSE | I4: FALSE | J4: =IF(AND(E4="child",F4=TRUE), 1,0) -> 0 | K4: =IF(AND(E4="peer",F4=TRUE), 1,0) -> 1 | L4: =IF(AND(E4="short",F4=TRUE), 1,0) -> 0 | M4: =IF(AND(E4="creative",F4=TRUE), 1,0) -> 0
A5: =A3+1 -> 2 | B5: A | C5: TTA_003 | D5: 45693 | E5: peer | F5: TRUE | G5: TRUE | H5: FALSE | I5: FALSE | J5: =IF(AND(E5="child",F5=TRUE), 1,0) -> 0 | K5: =IF(AND(E5="peer",F5=TRUE), 1,0) -> 1 | L5: =IF(AND(E5="short",F5=TRUE), 1,0) -> 0 | M5: =IF(AND(E5="creative",F5=TRUE), 1,0) -> 0
A6: =A4+1 -> 3 | B6: B | C6: TTA_004 | D6: 45693 | E6: short | F6: TRUE | G6: TRUE | H6: FALSE | I6: FALSE | J6: =IF(AND(E6="child",F6=TRUE), 1,0) -> 0 | K6: =IF(AND(E6="peer",F6=TRUE), 1,0) -> 0 | L6: =IF(AND(E6="short",F6=TRUE), 1,0) -> 1 | M6: =IF(AND(E6="creative",F6=TRUE), 1,0) -> 0
A7: =A5+1 -> 3 | B7: A | C7: TTA_005 | D7: 45693 | E7: short | F7: TRUE | G7: TRUE | H7: FALSE | I7: FALSE | J7: =IF(AND(E7="child",F7=TRUE), 1,0) -> 0 | K7: =IF(AND(E7="peer",F7=TRUE), 1,0) -> 0 | L7: =IF(AND(E7="short",F7=TRUE), 1,0) -> 1 | M7: =IF(AND(E7="creative",F7=TRUE), 1,0) -> 0
A8: =A6+1 -> 4 | B8: B | C8: TTA_006 | D8: 45693 | E8: creative | F8: TRUE | G8: TRUE | H8: FALSE | I8: FALSE | J8: =IF(AND(E8="child",F8=TRUE), 1,0) -> 0 | K8: =IF(AND(E8="peer",F8=TRUE), 1,0) -> 0 | L8: =IF(AND(E8="short",F8=TRUE), 1,0) -> 0 | M8: =IF(AND(E8="creative",F8=TRUE), 1,0) -> 1
A9: =A7+1 -> 4 | B9: A | C9: TTA_007 | D9: 45693 | E9: creative | F9: TRUE | G9: TRUE | H9: FALSE | I9: FALSE | J9: =IF(AND(E9="child",F9=TRUE), 1,0) -> 0 | K9: =IF(AND(E9="peer",F9=TRUE), 1,0) -> 0 | L9: =IF(AND(E9="short",F9=TRUE), 1,0) -> 0 | M9: =IF(AND(E9="creative",F9=TRUE), 1,0) -> 1
A10: =A8+1 -> 5 | B10: B | C10: TTA_008 | D10: 45694 | E10: child | F10: TRUE | G10: TRUE | H10: FALSE | I10: FALSE | J10: =IF(AND(E10="child",F10=TRUE), 1,0) -> 1 | K10: =IF(AND(E10="peer",F10=TRUE), 1,0) -> 0 | L10: =IF(AND(E10="short",F10=TRUE), 1,0) -> 0 | M10: =IF(AND(E10="creative",F10=TRUE), 1,0) -> 0
A11: =A9+1 -> 5 | B11: A | C11: TTA_009 | D11: 45694 | E11: child | F11: TRUE | G11: TRUE | H11: FALSE | I11: FALSE | J11: =IF(AND(E11="child",F11=TRUE), 1,0) -> 1 | K11: =IF(AND(E11="peer",F11=TRUE), 1,0) -> 0 | L11: =IF(AND(E11="short",F11=TRUE), 1,0) -> 0 | M11: =IF(AND(E11="creative",F11=TRUE), 1,0) -> 0
A12: =A10+1 -> 6 | B12: A | C12: TTA_010 | D12: 45699 | E12: peer | F12: TRUE | G12: TRUE | H12: FALSE | I12: FALSE | J12: =IF(AND(E12="child",F12=TRUE), 1,0) -> 0 | K12: =IF(AND(E12="peer",F12=TRUE), 1,0) -> 1 | L12: =IF(AND(E12="short",F12=TRUE), 1,0) -> 0 | M12: =IF(AND(E12="creative",F12=TRUE), 1,0) -> 0
A13: =A11+1 -> 6 | B13: B | C13: TTA_011 | D13: 45699 | E13: peer | F13: TRUE | G13: TRUE | H13: FALSE | I13: FALSE | J13: =IF(AND(E13="child",F13=TRUE), 1,0) -> 0 | K13: =IF(AND(E13="peer",F13=TRUE), 1,0) -> 1 | L13: =IF(AND(E13="short",F13=TRUE), 1,0) -> 0 | M13: =IF(AND(E13="creative",F13=TRUE), 1,0) -> 0
A14: =A12+1 -> 7 | B14: A | D14: 45699 | E14: short | F14: FALSE | G14: FALSE | H14: FALSE | I14: TRUE | J14: =IF(AND(E14="child",F14=TRUE), 1,0) -> 0 | K14: =IF(AND(E14="peer",F14=TRUE), 1,0) -> 0 | L14: =IF(AND(E14="short",F14=TRUE), 1,0) -> 0 | M14: =IF(AND(E14="creative",F14=TRUE), 1,0) -> 0
A15: =A13+1 -> 7 | B15: B | C15: TTA_012 | D15: 45699 | E15: short | F15: TRUE | G15: TRUE | H15: FALSE | I15: FALSE | J15: =IF(AND(E15="child",F15=TRUE), 1,0) -> 0 | K15: =IF(AND(E15="peer",F15=TRUE), 1,0) -> 0 | L15: =IF(AND(E15="short",F15=TRUE), 1,0) -> 1 | M15: =IF(AND(E15="creative",F15=TRUE), 1,0) -> 0
A16: =A14+1 -> 8 | B16: B | C16: TTA_013 | D16: 45699 | E16: creative | F16: TRUE | G16: FALSE | H16: FALSE | I16: FALSE | J16: =IF(AND(E16="child",F16=TRUE), 1,0) -> 0 | K16: =IF(AND(E16="peer",F16=TRUE), 1,0) -> 0 | L16: =IF(AND(E16="short",F16=TRUE), 1,0) -> 0 | M16: =IF(AND(E16="creative",F16=TRUE), 1,0) -> 1
A17: =A15+1 -> 8 | D17: 45699 | E17: creative | F17: FALSE | G17: FALSE | H17: FALSE | I17: TRUE | J17: =IF(AND(E17="child",F17=TRUE), 1,0) -> 0 | K17: =IF(AND(E17="peer",F17=TRUE), 1,0) -> 0 | L17: =IF(AND(E17="short",F17=TRUE), 1,0) -> 0 | M17: =IF(AND(E17="creative",F17=TRUE), 1,0) -> 0
A18: =A16+1 -> 9 | B18: A | C18: TTA_014 | D18: 45699 | E18: child | F18: TRUE | G18: TRUE | H18: FALSE | I18: FALSE | J18: =IF(AND(E18="child",F18=TRUE), 1,0) -> 1 | K18: =IF(AND(E18="peer",F18=TRUE), 1,0) -> 0 | L18: =IF(AND(E18="short",F18=TRUE), 1,0) -> 0 | M18: =IF(AND(E18="creative",F18=TRUE), 1,0) -> 0
A19: =A17+1 -> 9 | B19: B | C19: TTA_015 | D19: 45699 | E19: child | F19: TRUE | G19: TRUE | H19: FALSE | I19: FALSE | J19: =IF(AND(E19="child",F19=TRUE), 1,0) -> 1 | K19: =IF(AND(E19="peer",F19=TRUE), 1,0) -> 0 | L19: =IF(AND(E19="short",F19=TRUE), 1,0) -> 0 | M19: =IF(AND(E19="creative",F19=TRUE), 1,0) -> 0
A20: =A18+1 -> 10 | D20: 45699 | E20: peer | F20: FALSE | G20: FALSE | H20: TRUE | I20: FALSE | J20: =IF(AND(E20="child",F20=TRUE), 1,0) -> 0 | K20: =IF(AND(E20="peer",F20=TRUE), 1,0) -> 0 | L20: =IF(AND(E20="short",F20=TRUE), 1,0) -> 0 | M20: =IF(AND(E20="creative",F20=TRUE), 1,0) -> 0
A21: =A19+1 -> 10 | D21: 45699 | E21: peer | F21: FALSE | G21: FALSE | H21: FALSE | I21: TRUE | J21: =IF(AND(E21="child",F21=TRUE), 1,0) -> 0 | K21: =IF(AND(E21="peer",F21=TRUE), 1,0) -> 0 | L21: =IF(AND(E21="short",F21=TRUE), 1,0) -> 0 | M21: =IF(AND(E21="creative",F21=TRUE), 1,0) -> 0
A22: =A20+1 -> 11 | B22: A | C22: TTA_016 | D22: 45700 | E22: short | F22: TRUE | G22: TRUE | H22: FALSE | I22: FALSE | J22: =IF(AND(E22="child",F22=TRUE), 1,0) -> 0 | K22: =IF(AND(E22="peer",F22=TRUE), 1,0) -> 0 | L22: =IF(AND(E22="short",F22=TRUE), 1,0) -> 1 | M22: =IF(AND(E22="creative",F22=TRUE), 1,0) -> 0
A23: =A21+1 -> 11 | B23: B | C23: TTA_017 | D23: 45700 | E23: short | F23: TRUE | G23: TRUE | H23: FALSE | I23: FALSE | J23: =IF(AND(E23="child",F23=TRUE), 1,0) -> 0 | K23: =IF(AND(E23="peer",F23=TRUE), 1,0) -> 0 | L23: =IF(AND(E23="short",F23=TRUE), 1,0) -> 1 | M23: =IF(AND(E23="creative",F23=TRUE), 1,0) -> 0
A24: =A22+1 -> 12 | B24: A | C24: TTA_018 | D24: 45700 | E24: creative | F24: TRUE | G24: TRUE | H24: FALSE | I24: FALSE | J24: =IF(AND(E24="child",F24=TRUE), 1,0) -> 0 | K24: =IF(AND(E24="peer",F24=TRUE), 1,0) -> 0 | L24: =IF(AND(E24="short",F24=TRUE), 1,0) -> 0 | M24: =IF(AND(E24="creative",F24=TRUE), 1,0) -> 1
A25: =A23+1 -> 12 | B25: B | C25: TTA_019 | D25: 45700 | E25: creative | F25: TRUE | G25: TRUE | H25: FALSE | I25: FALSE | J25: =IF(AND(E25="child",F25=TRUE), 1,0) -> 0 | K25: =IF(AND(E25="peer",F25=TRUE), 1,0) -> 0 | L25: =IF(AND(E25="short",F25=TRUE), 1,0) -> 0 | M25: =IF(AND(E25="creative",F25=TRUE), 1,0) -> 1
A26: =A24+1 -> 13 | B26: A | C26: TTA_020 | D26: 45700 | E26: child | F26: TRUE | G26: TRUE | H26: FALSE | I26: FALSE | J26: =IF(AND(E26="child",F26=TRUE), 1,0) -> 1 | K26: =IF(AND(E26="peer",F26=TRUE), 1,0) -> 0 | L26: =IF(AND(E26="short",F26=TRUE), 1,0) -> 0 | M26: =IF(AND(E26="creative",F26=TRUE), 1,0) -> 0
A27: =A25+1 -> 13 | B27: B | C27: TTA_021 | D27: 45700 | E27: child | F27: TRUE | G27: TRUE | H27: FALSE | I27: FALSE | J27: =IF(AND(E27="child",F27=TRUE), 1,0) -> 1 | K27: =IF(AND(E27="peer",F27=TRUE), 1,0) -> 0 | L27: =IF(AND(E27="short",F27=TRUE), 1,0) -> 0 | M27: =IF(AND(E27="creative",F27=TRUE), 1,0) -> 0
A28: =A26+1 -> 14 | B28: A | C28: TTA_022 | D28: 45700 | E28: peer | F28: TRUE | G28: TRUE | H28: FALSE | I28: FALSE | J28: =IF(AND(E28="child",F28=TRUE), 1,0) -> 0 | K28: =IF(AND(E28="peer",F28=TRUE), 1,0) -> 1 | L28: =IF(AND(E28="short",F28=TRUE), 1,0) -> 0 | M28: =IF(AND(E28="creative",F28=TRUE), 1,0) -> 0
A29: =A27+1 -> 14 | D29: 45700 | E29: peer | F29: FALSE | G29: FALSE | H29: FALSE | I29: TRUE | J29: =IF(AND(E29="child",F29=TRUE), 1,0) -> 0 | K29: =IF(AND(E29="peer",F29=TRUE), 1,0) -> 0 | L29: =IF(AND(E29="short",F29=TRUE), 1,0) -> 0 | M29: =IF(AND(E29="creative",F29=TRUE), 1,0) -> 0
A30: =A28+1 -> 15 | B30: B | C30: TTA_023 | D30: 45700 | E30: short | F30: TRUE | G30: TRUE | H30: FALSE | I30: FALSE | J30: =IF(AND(E30="child",F30=TRUE), 1,0) -> 0 | K30: =IF(AND(E30="peer",F30=TRUE), 1,0) -> 0 | L30: =IF(AND(E30="short",F30=TRUE), 1,0) -> 1 | M30: =IF(AND(E30="creative",F30=TRUE), 1,0) -> 0
A31: =A29+1 -> 15 | B31: A | C31: TTA_024 | D31: 45700 | E31: short | F31: TRUE | G31: TRUE | H31: FALSE | I31: FALSE | J31: =IF(AND(E31="child",F31=TRUE), 1,0) -> 0 | K31: =IF(AND(E31="peer",F31=TRUE), 1,0) -> 0 | L31: =IF(AND(E31="short",F31=TRUE), 1,0) -> 1 | M31: =IF(AND(E31="creative",F31=TRUE), 1,0) -> 0
A32: =A30+1 -> 16 | B32: B | C32: TTA_025 | D32: 45700 | E32: creative | F32: TRUE | G32: TRUE | H32: FALSE | I32: FALSE | J32: =IF(AND(E32="child",F32=TRUE), 1,0) -> 0 | K32: =IF(AND(E32="peer",F32=TRUE), 1,0) -> 0 | L32: =IF(AND(E32="short",F32=TRUE), 1,0) -> 0 | M32: =IF(AND(E32="creative",F32=TRUE), 1,0) -> 1
A33: =A31+1 -> 16 | E33: creative | F33: FALSE | G33: FALSE | H33: FALSE | I33: TRUE | J33: =IF(AND(E33="child",F33=TRUE), 1,0) -> 0 | K33: =IF(AND(E33="peer",F33=TRUE), 1,0) -> 0 | L33: =IF(AND(E33="short",F33=TRUE), 1,0) -> 0 | M33: =IF(AND(E33="creative",F33=TRUE), 1,0) -> 0
A34: =A32+1 -> 17 | B34: B | C34: TTA_026 | D34: 45700 | E34: child | F34: TRUE | G34: TRUE | H34: FALSE | I34: FALSE | J34: =IF(AND(E34="child",F34=TRUE), 1,0) -> 1 | K34: =IF(AND(E34="peer",F34=TRUE), 1,0) -> 0 | L34: =IF(AND(E34="short",F34=TRUE), 1,0) -> 0 | M34: =IF(AND(E34="creative",F34=TRUE), 1,0) -> 0
A35: =A33+1 -> 17 | B35: A | C35: TTA_027 | D35: 45700 | E35: child | F35: TRUE | G35: TRUE | H35: FALSE | I35: FALSE | J35: =IF(AND(E35="child",F35=TRUE), 1,0) -> 1 | K35: =IF(AND(E35="peer",F35=TRUE), 1,0) -> 0 | L35: =IF(AND(E35="short",F35=TRUE), 1,0) -> 0 | M35: =IF(AND(E35="creative",F35=TRUE), 1,0) -> 0
A36: =A34+1 -> 18 | B36: A | C36: TTA_028 | D36: 45701 | E36: peer | F36: TRUE | G36: TRUE | H36: FALSE | I36: FALSE | J36: =IF(AND(E36="child",F36=TRUE), 1,0) -> 0 | K36: =IF(AND(E36="peer",F36=TRUE), 1,0) -> 1 | L36: =IF(AND(E36="short",F36=TRUE), 1,0) -> 0 | M36: =IF(AND(E36="creative",F36=TRUE), 1,0) -> 0
A37: =A35+1 -> 18 | B37: B | C37: TTA_029 | D37: 45701 | E37: peer | F37: TRUE | G37: TRUE | H37: FALSE | I37: FALSE | J37: =IF(AND(E37="child",F37=TRUE), 1,0) -> 0 | K37: =IF(AND(E37="peer",F37=TRUE), 1,0) -> 1 | L37: =IF(AND(E37="short",F37=TRUE), 1,0) -> 0 | M37: =IF(AND(E37="creative",F37=TRUE), 1,0) -> 0
A38: =A36+1 -> 19 | B38: A | C38: TTA_030 | D38: 45701 | E38: short | F38: TRUE | G38: TRUE | H38: FALSE | I38: FALSE | J38: =IF(AND(E38="child",F38=TRUE), 1,0) -> 0 | K38: =IF(AND(E38="peer",F38=TRUE), 1,0) -> 0 | L38: =IF(AND(E38="short",F38=TRUE), 1,0) -> 1 | M38: =IF(AND(E38="creative",F38=TRUE), 1,0) -> 0
A39: =A37+1 -> 19 | B39: B | C39: TTA_031 | D39: 45701 | E39: short | F39: TRUE | G39: TRUE | H39: FALSE | I39: FALSE | J39: =IF(AND(E39="child",F39=TRUE), 1,0) -> 0 | K39: =IF(AND(E39="peer",F39=TRUE), 1,0) -> 0 | L39: =IF(AND(E39="short",F39=TRUE), 1,0) -> 1 | M39: =IF(AND(E39="creative",F39=TRUE), 1,0) -> 0
A40: =A38+1 -> 20 | B40: B | C40: TTA_032 | D40: 45702 | E40: creative | F40: TRUE | G40: TRUE | H40: FALSE | I40: FALSE | J40: =IF(AND(E40="child",F40=TRUE), 1,0) -> 0 | K40: =IF(AND(E40="peer",F40=TRUE), 1,0) -> 0 | L40: =IF(AND(E40="short",F40=TRUE), 1,0) -> 0 | M40: =IF(AND(E40="creative",F40=TRUE), 1,0) -> 1
A41: =A39+1 -> 20 | E41: creative | F41: FALSE | G41: FALSE | H41: TRUE | I41: FALSE | J41: =IF(AND(E41="child",F41=TRUE), 1,0) -> 0 | K41: =IF(AND(E41="peer",F41=TRUE), 1,0) -> 0 | L41: =IF(AND(E41="short",F41=TRUE), 1,0) -> 0 | M41: =IF(AND(E41="creative",F41=TRUE), 1,0) -> 0
A42: =A40+1 -> 21 | B42: A | C42: TTA_033 | D42: 45702 | E42: child | F42: TRUE | G42: TRUE | H42: FALSE | I42: FALSE | J42: =IF(AND(E42="child",F42=TRUE), 1,0) -> 1 | K42: =IF(AND(E42="peer",F42=TRUE), 1,0) -> 0 | L42: =IF(AND(E42="short",F42=TRUE), 1,0) -> 0 | M42: =IF(AND(E42="creative",F42=TRUE), 1,0) -> 0
A43: =A41+1 -> 21 | E43: child | F43: FALSE | G43: FALSE | H43: FALSE | I43: TRUE | J43: =IF(AND(E43="child",F43=TRUE), 1,0) -> 0 | K43: =IF(AND(E43="peer",F43=TRUE), 1,0) -> 0 | L43: =IF(AND(E43="short",F43=TRUE), 1,0) -> 0 | M43: =IF(AND(E43="creative",F43=TRUE), 1,0) -> 0
A44: =A42+1 -> 22 | B44: A | C44: TTA_034 | D44: 45702 | E44: peer | F44: TRUE | G44: TRUE | H44: FALSE | I44: FALSE | J44: =IF(AND(E44="child",F44=TRUE), 1,0) -> 0 | K44: =IF(AND(E44="peer",F44=TRUE), 1,0) -> 1 | L44: =IF(AND(E44="short",F44=TRUE), 1,0) -> 0 | M44: =IF(AND(E44="creative",F44=TRUE), 1,0) -> 0
A45: =A43+1 -> 22 | E45: peer | F45: FALSE | G45: FALSE | H45: TRUE | I45: FALSE | J45: =IF(AND(E45="child",F45=TRUE), 1,0) -> 0 | K45: =IF(AND(E45="peer",F45=TRUE), 1,0) -> 0 | L45: =IF(AND(E45="short",F45=TRUE), 1,0) -> 0 | M45: =IF(AND(E45="creative",F45=TRUE), 1,0) -> 0
A46: =A44+1 -> 23 | B46: B | C46: TTA_035 | D46: 45702 | E46: short | F46: TRUE | G46: TRUE | H46: FALSE | I46: FALSE | J46: =IF(AND(E46="child",F46=TRUE), 1,0) -> 0 | K46: =IF(AND(E46="peer",F46=TRUE), 1,0) -> 0 | L46: =IF(AND(E46="short",F46=TRUE), 1,0) -> 1 | M46: =IF(AND(E46="creative",F46=TRUE), 1,0) -> 0
A47: =A45+1 -> 23 | B47: A | C47: TTA_036 | D47: 45702 | E47: short | F47: TRUE | G47: TRUE | H47: FALSE | I47: FALSE | J47: =IF(AND(E47="child",F47=TRUE), 1,0) -> 0 | K47: =IF(AND(E47="peer",F47=TRUE), 1,0) -> 0 | L47: =IF(AND(E47="short",F47=TRUE), 1,0) -> 1 | M47: =IF(AND(E47="creative",F47=TRUE), 1,0) -> 0
A48: =A46+1 -> 24 | B48: B | C48: TTA_037 | D48: 45702 | E48: creative | F48: TRUE | G48: TRUE | H48: FALSE | I48: FALSE | J48: =IF(AND(E48="child",F48=TRUE), 1,0) -> 0 | K48: =IF(AND(E48="peer",F48=TRUE), 1,0) -> 0 | L48: =IF(AND(E48="short",F48=TRUE), 1,0) -> 0 | M48: =IF(AND(E48="creative",F48=TRUE), 1,0) -> 1
A49: =A47+1 -> 24 | E49: creative | F49: FALSE | G49: FALSE | H49: TRUE | I49: FALSE | J49: =IF(AND(E49="child",F49=TRUE), 1,0) -> 0 | K49: =IF(AND(E49="peer",F49=TRUE), 1,0) -> 0 | L49: =IF(AND(E49="short",F49=TRUE), 1,0) -> 0 | M49: =IF(AND(E49="creative",F49=TRUE), 1,0) -> 0
A50: =A48+1 -> 25 | B50: A | C50: TTA_038 | D50: 45702 | E50: child | F50: TRUE | G50: TRUE | H50: FALSE | I50: FALSE | J50: =IF(AND(E50="child",F50=TRUE), 1,0) -> 1 | K50: =IF(AND(E50="peer",F50=TRUE), 1,0) -> 0 | L50: =IF(AND(E50="short",F50=TRUE), 1,0) -> 0 | M50: =IF(AND(E50="creative",F50=TRUE), 1,0) -> 0
A51: =A49+1 -> 25 | B51: B | C51: TTA_039 | D51: 45702 | E51: child | F51: TRUE | G51: TRUE | H51: FALSE | I51: FALSE | J51: =IF(AND(E51="child",F51=TRUE), 1,0) -> 1 | K51: =IF(AND(E51="peer",F51=TRUE), 1,0) -> 0 | L51: =IF(AND(E51="short",F51=TRUE), 1,0) -> 0 | M51: =IF(AND(E51="creative",F51=TRUE), 1,0) -> 0
A52: =A50+1 -> 26 | B52: A | C52: TTA_040 | D52: 45702 | E52: peer | F52: TRUE | G52: TRUE | H52: FALSE | I52: FALSE | J52: =IF(AND(E52="child",F52=TRUE), 1,0) -> 0 | K52: =IF(AND(E52="peer",F52=TRUE), 1,0) -> 1 | L52: =IF(AND(E52="short",F52=TRUE), 1,0) -> 0 | M52: =IF(AND(E52="creative",F52=TRUE), 1,0) -> 0
A53: =A51+1 -> 26 | E53: peer | F53: FALSE | G53: FALSE | H53: TRUE | I53: FALSE | J53: =IF(AND(E53="child",F53=TRUE), 1,0) -> 0 | K53: =IF(AND(E53="peer",F53=TRUE), 1,0) -> 0 | L53: =IF(AND(E53="short",F53=TRUE), 1,0) -> 0 | M53: =IF(AND(E53="creative",F53=TRUE), 1,0) -> 0
A54: =A52+1 -> 27 | B54: B | C54: TTA_041 | D54: 45702 | E54: short | F54: TRUE | G54: TRUE | H54: FALSE | I54: FALSE | J54: =IF(AND(E54="child",F54=TRUE), 1,0) -> 0 | K54: =IF(AND(E54="peer",F54=TRUE), 1,0) -> 0 | L54: =IF(AND(E54="short",F54=TRUE), 1,0) -> 1 | M54: =IF(AND(E54="creative",F54=TRUE), 1,0) -> 0
A55: =A53+1 -> 27 | B55: A | C55: TTA_042 | D55: 45702 | E55: short | F55: TRUE | G55: TRUE | H55: FALSE | I55: FALSE | J55: =IF(AND(E55="child",F55=TRUE), 1,0) -> 0 | K55: =IF(AND(E55="peer",F55=TRUE), 1,0) -> 0 | L55: =IF(AND(E55="short",F55=TRUE), 1,0) -> 1 | M55: =IF(AND(E55="creative",F55=TRUE), 1,0) -> 0
A56: =A54+1 -> 28 | E56: creative | F56: FALSE | G56: FALSE | H56: TRUE | I56: FALSE | J56: =IF(AND(E56="child",F56=TRUE), 1,0) -> 0 | K56: =IF(AND(E56="peer",F56=TRUE), 1,0) -> 0 | L56: =IF(AND(E56="short",F56=TRUE), 1,0) -> 0 | M56: =IF(AND(E56="creative",F56=TRUE), 1,0) -> 0
A57: =A55+1 -> 28 | E57: creative | F57: FALSE | G57: FALSE | H57: TRUE | I57: FALSE | J57: =IF(AND(E57="child",F57=TRUE), 1,0) -> 0 | K57: =IF(AND(E57="peer",F57=TRUE), 1,0) -> 0 | L57: =IF(AND(E57="short",F57=TRUE), 1,0) -> 0 | M57: =IF(AND(E57="creative",F57=TRUE), 1,0) -> 0
A58: =A56+1 -> 29 | B58: A | C58: TTA_043 | D58: 45705 | E58: child | F58: TRUE | G58: TRUE | H58: FALSE | I58: FALSE | J58: =IF(AND(E58="child",F58=TRUE), 1,0) -> 1 | K58: =IF(AND(E58="peer",F58=TRUE), 1,0) -> 0 | L58: =IF(AND(E58="short",F58=TRUE), 1,0) -> 0 | M58: =IF(AND(E58="creative",F58=TRUE), 1,0) -> 0
A59: =A57+1 -> 29 | B59: B | C59: TTA_044 | D59: 45705 | E59: child | F59: TRUE | G59: TRUE | H59: FALSE | I59: FALSE | J59: =IF(AND(E59="child",F59=TRUE), 1,0) -> 1 | K59: =IF(AND(E59="peer",F59=TRUE), 1,0) -> 0 | L59: =IF(AND(E59="short",F59=TRUE), 1,0) -> 0 | M59: =IF(AND(E59="creative",F59=TRUE), 1,0) -> 0
A60: =A58+1 -> 30 | B60: A | C60: TTA_045 | D60: 45705 | E60: peer | F60: TRUE | G60: TRUE | H60: FALSE | I60: FALSE | J60: =IF(AND(E60="child",F60=TRUE), 1,0) -> 0 | K60: =IF(AND(E60="peer",F60=TRUE), 1,0) -> 1 | L60: =IF(AND(E60="short",F60=TRUE), 1,0) -> 0 | M60: =IF(AND(E60="creative",F60=TRUE), 1,0) -> 0
A61: =A59+1 -> 30 | B61: B | C61: TTA_046 | D61: 45705 | E61: peer | F61: TRUE | G61: TRUE | H61: FALSE | I61: FALSE | J61: =IF(AND(E61="child",F61=TRUE), 1,0) -> 0 | K61: =IF(AND(E61="peer",F61=TRUE), 1,0) -> 1 | L61: =IF(AND(E61="short",F61=TRUE), 1,0) -> 0 | M61: =IF(AND(E61="creative",F61=TRUE), 1,0) -> 0
A62: =A60+1 -> 31 | B62: A | C62: TTA_047 | D62: 45706 | E62: short | F62: TRUE | G62: TRUE | H62: FALSE | I62: FALSE | J62: =IF(AND(E62="child",F62=TRUE), 1,0) -> 0 | K62: =IF(AND(E62="peer",F62=TRUE), 1,0) -> 0 | L62: =IF(AND(E62="short",F62=TRUE), 1,0) -> 1 | M62: =IF(AND(E62="creative",F62=TRUE), 1,0) -> 0
A63: =A61+1 -> 31 | B63: A | C63: TTA_048 | D63: 45706 | E63: short | F63: TRUE | G63: TRUE | H63: FALSE | I63: FALSE | J63: =IF(AND(E63="child",F63=TRUE), 1,0) -> 0 | K63: =IF(AND(E63="peer",F63=TRUE), 1,0) -> 0 | L63: =IF(AND(E63="short",F63=TRUE), 1,0) -> 1 | M63: =IF(AND(E63="creative",F63=TRUE), 1,0) -> 0
A64: =A62+1 -> 32 | B64: A | C64: TTA_049 | D64: 45706 | E64: creative | F64: TRUE | G64: TRUE | H64: FALSE | I64: FALSE | J64: =IF(AND(E64="child",F64=TRUE), 1,0) -> 0 | K64: =IF(AND(E64="peer",F64=TRUE), 1,0) -> 0 | L64: =IF(AND(E64="short",F64=TRUE), 1,0) -> 0 | M64: =IF(AND(E64="creative",F64=TRUE), 1,0) -> 1
A65: =A63+1 -> 32 | B65: B | C65: TTA_050 | D65: 45706 | E65: creative | F65: TRUE | G65: TRUE | H65: FALSE | I65: FALSE | J65: =IF(AND(E65="child",F65=TRUE), 1,0) -> 0 | K65: =IF(AND(E65="peer",F65=TRUE), 1,0) -> 0 | L65: =IF(AND(E65="short",F65=TRUE), 1,0) -> 0 | M65: =IF(AND(E65="creative",F65=TRUE), 1,0) -> 1
A66: =A64+1 -> 33 | B66: B | C66: TTA_051 | D66: 45707 | E66: child | F66: TRUE | G66: TRUE | H66: FALSE | I66: FALSE | J66: =IF(AND(E66="child",F66=TRUE), 1,0) -> 1 | K66: =IF(AND(E66="peer",F66=TRUE), 1,0) -> 0 | L66: =IF(AND(E66="short",F66=TRUE), 1,0) -> 0 | M66: =IF(AND(E66="creative",F66=TRUE), 1,0) -> 0
A67: =A65+1 -> 33 | B67: A | C67: TTA_052 | D67: 45707 | E67: child | F67: TRUE | G67: TRUE | H67: FALSE | I67: FALSE | J67: =IF(AND(E67="child",F67=TRUE), 1,0) -> 1 | K67: =IF(AND(E67="peer",F67=TRUE), 1,0) -> 0 | L67: =IF(AND(E67="short",F67=TRUE), 1,0) -> 0 | M67: =IF(AND(E67="creative",F67=TRUE), 1,0) -> 0
A68: =A66+1 -> 34 | E68: peer | F68: FALSE | G68: FALSE | H68: TRUE | I68: FALSE | J68: =IF(AND(E68="child",F68=TRUE), 1,0) -> 0 | K68: =IF(AND(E68="peer",F68=TRUE), 1,0) -> 0 | L68: =IF(AND(E68="short",F68=TRUE), 1,0) -> 0 | M68: =IF(AND(E68="creative",F68=TRUE), 1,0) -> 0
A69: =A67+1 -> 34 | E69: peer | F69: FALSE | G69: FALSE | H69: FALSE | I69: TRUE | J69: =IF(AND(E69="child",F69=TRUE), 1,0) -> 0 | K69: =IF(AND(E69="peer",F69=TRUE), 1,0) -> 0 | L69: =IF(AND(E69="short",F69=TRUE), 1,0) -> 0 | M69: =IF(AND(E69="creative",F69=TRUE), 1,0) -> 0
A70: =A68+1 -> 35 | B70: B | C70: TTA_053 | D70: 45707 | E70: short | F70: TRUE | G70: TRUE | H70: FALSE | I70: FALSE | J70: =IF(AND(E70="child",F70=TRUE), 1,0) -> 0 | K70: =IF(AND(E70="peer",F70=TRUE), 1,0) -> 0 | L70: =IF(AND(E70="short",F70=TRUE), 1,0) -> 1 | M70: =IF(AND(E70="creative",F70=TRUE), 1,0) -> 0
A71: =A69+1 -> 35 | E71: short | F71: FALSE | G71: FALSE | H71: TRUE | I71: FALSE | J71: =IF(AND(E71="child",F71=TRUE), 1,0) -> 0 | K71: =IF(AND(E71="peer",F71=TRUE), 1,0) -> 0 | L71: =IF(AND(E71="short",F71=TRUE), 1,0) -> 0 | M71: =IF(AND(E71="creative",F71=TRUE), 1,0) -> 0
A72: =A70+1 -> 36 | B72: A | C72: TTA_054 | D72: 45707 | E72: creative | F72: TRUE | G72: TRUE | H72: FALSE | I72: FALSE | J72: =IF(AND(E72="child",F72=TRUE), 1,0) -> 0 | K72: =IF(AND(E72="peer",F72=TRUE), 1,0) -> 0 | L72: =IF(AND(E72="short",F72=TRUE), 1,0) -> 0 | M72: =IF(AND(E72="creative",F72=TRUE), 1,0) -> 1
A73: =A71+1 -> 36 | B73: B | C73: TTA_055 | D73: 45707 | E73: creative | F73: TRUE | G73: TRUE | H73: FALSE | I73: FALSE | J73: =IF(AND(E73="child",F73=TRUE), 1,0) -> 0 | K73: =IF(AND(E73="peer",F73=TRUE), 1,0) -> 0 | L73: =IF(AND(E73="short",F73=TRUE), 1,0) -> 0 | M73: =IF(AND(E73="creative",F73=TRUE), 1,0) -> 1
A74: =A72+1 -> 37 | E74: child | F74: FALSE | G74: FALSE | H74: TRUE | I74: FALSE | J74: =IF(AND(E74="child",F74=TRUE), 1,0) -> 0 | K74: =IF(AND(E74="peer",F74=TRUE), 1,0) -> 0 | L74: =IF(AND(E74="short",F74=TRUE), 1,0) -> 0 | M74: =IF(AND(E74="creative",F74=TRUE), 1,0) -> 0
A75: =A73+1 -> 37 | E75: child | F75: FALSE | G75: FALSE | H75: TRUE | I75: FALSE | J75: =IF(AND(E75="child",F75=TRUE), 1,0) -> 0 | K75: =IF(AND(E75="peer",F75=TRUE), 1,0) -> 0 | L75: =IF(AND(E75="short",F75=TRUE), 1,0) -> 0 | M75: =IF(AND(E75="creative",F75=TRUE), 1,0) -> 0
A76: =A74+1 -> 38 | B76: A | C76: TTA_056 | D76: 45707 | E76: peer | F76: TRUE | G76: TRUE | H76: FALSE | I76: FALSE | J76: =IF(AND(E76="child",F76=TRUE), 1,0) -> 0 | K76: =IF(AND(E76="peer",F76=TRUE), 1,0) -> 1 | L76: =IF(AND(E76="short",F76=TRUE), 1,0) -> 0 | M76: =IF(AND(E76="creative",F76=TRUE), 1,0) -> 0
A77: =A75+1 -> 38 | B77: B | C77: TTA_057 | D77: 45707 | E77: peer | F77: TRUE | G77: TRUE | H77: FALSE | I77: FALSE | J77: =IF(AND(E77="child",F77=TRUE), 1,0) -> 0 | K77: =IF(AND(E77="peer",F77=TRUE), 1,0) -> 1 | L77: =IF(AND(E77="short",F77=TRUE), 1,0) -> 0 | M77: =IF(AND(E77="creative",F77=TRUE), 1,0) -> 0
A78: =A76+1 -> 39 | B78: A | C78: TTA_058 | D78: 45707 | E78: short | F78: TRUE | G78: TRUE | H78: FALSE | I78: FALSE | J78: =IF(AND(E78="child",F78=TRUE), 1,0) -> 0 | K78: =IF(AND(E78="peer",F78=TRUE), 1,0) -> 0 | L78: =IF(AND(E78="short",F78=TRUE), 1,0) -> 1 | M78: =IF(AND(E78="creative",F78=TRUE), 1,0) -> 0
A79: =A77+1 -> 39 | B79: B | C79: TTA_059 | D79: 45707 | E79: short | F79: TRUE | G79: TRUE | H79: FALSE | I79: FALSE | J79: =IF(AND(E79="child",F79=TRUE), 1,0) -> 0 | K79: =IF(AND(E79="peer",F79=TRUE), 1,0) -> 0 | L79: =IF(AND(E79="short",F79=TRUE), 1,0) -> 1 | M79: =IF(AND(E79="creative",F79=TRUE), 1,0) -> 0
A80: =A78+1 -> 40 | B80: A | C80: TTA_060 | D80: 45707 | E80: creative | F80: TRUE | G80: TRUE | H80: FALSE | I80: FALSE | J80: =IF(AND(E80="child",F80=TRUE), 1,0) -> 0 | K80: =IF(AND(E80="peer",F80=TRUE), 1,0) -> 0 | L80: =IF(AND(E80="short",F80=TRUE), 1,0) -> 0 | M80: =IF(AND(E80="creative",F80=TRUE), 1,0) -> 1
A81: =A79+1 -> 40 | E81: creative | F81: FALSE | G81: FALSE | H81: TRUE | I81: FALSE | J81: =IF(AND(E81="child",F81=TRUE), 1,0) -> 0 | K81: =IF(AND(E81="peer",F81=TRUE), 1,0) -> 0 | L81: =IF(AND(E81="short",F81=TRUE), 1,0) -> 0 | M81: =IF(AND(E81="creative",F81=TRUE), 1,0) -> 0
A82: =A80+1 -> 41 | B82: B | C82: TTA_061 | D82: 45708 | E82: child | F82: TRUE | G82: TRUE | H82: FALSE | I82: FALSE | J82: =IF(AND(E82="child",F82=TRUE), 1,0) -> 1 | K82: =IF(AND(E82="peer",F82=TRUE), 1,0) -> 0 | L82: =IF(AND(E82="short",F82=TRUE), 1,0) -> 0 | M82: =IF(AND(E82="creative",F82=TRUE), 1,0) -> 0
A83: =A81+1 -> 41 | B83: A | C83: TTA_062 | D83: 45708 | E83: child | F83: TRUE | G83: TRUE | H83: FALSE | I83: FALSE | J83: =IF(AND(E83="child",F83=TRUE), 1,0) -> 1 | K83: =IF(AND(E83="peer",F83=TRUE), 1,0) -> 0 | L83: =IF(AND(E83="short",F83=TRUE), 1,0) -> 0 | M83: =IF(AND(E83="creative",F83=TRUE), 1,0) -> 0
A84: =A82+1 -> 42 | B84: B | C84: TTA_063 | D84: 45708 | E84: peer | F84: TRUE | G84: TRUE | H84: FALSE | I84: FALSE | J84: =IF(AND(E84="child",F84=TRUE), 1,0) -> 0 | K84: =IF(AND(E84="peer",F84=TRUE), 1,0) -> 1 | L84: =IF(AND(E84="short",F84=TRUE), 1,0) -> 0 | M84: =IF(AND(E84="creative",F84=TRUE), 1,0) -> 0
A85: =A83+1 -> 42 | E85: peer | F85: FALSE | G85: FALSE | H85: FALSE | I85: TRUE | J85: =IF(AND(E85="child",F85=TRUE), 1,0) -> 0 | K85: =IF(AND(E85="peer",F85=TRUE), 1,0) -> 0 | L85: =IF(AND(E85="short",F85=TRUE), 1,0) -> 0 | M85: =IF(AND(E85="creative",F85=TRUE), 1,0) -> 0
A86: =A84+1 -> 43 | B86: A | C86: TTA_064 | D86: 45709 | E86: short | F86: TRUE | G86: TRUE | H86: FALSE | I86: FALSE | J86: =IF(AND(E86="child",F86=TRUE), 1,0) -> 0 | K86: =IF(AND(E86="peer",F86=TRUE), 1,0) -> 0 | L86: =IF(AND(E86="short",F86=TRUE), 1,0) -> 1 | M86: =IF(AND(E86="creative",F86=TRUE), 1,0) -> 0
A87: =A85+1 -> 43 | E87: short | F87: FALSE | G87: FALSE | H87: TRUE | I87: FALSE | J87: =IF(AND(E87="child",F87=TRUE), 1,0) -> 0 | K87: =IF(AND(E87="peer",F87=TRUE), 1,0) -> 0 | L87: =IF(AND(E87="short",F87=TRUE), 1,0) -> 0 | M87: =IF(AND(E87="creative",F87=TRUE), 1,0) -> 0
A88: =A86+1 -> 44 | B88: B | C88: TTA_065 | D88: 45709 | E88: creative | F88: TRUE | G88: TRUE | H88: FALSE | I88: FALSE | J88: =IF(AND(E88="child",F88=TRUE), 1,0) -> 0 | K88: =IF(AND(E88="peer",F88=TRUE), 1,0) -> 0 | L88: =IF(AND(E88="short",F88=TRUE), 1,0) -> 0 | M88: =IF(AND(E88="creative",F88=TRUE), 1,0) -> 1
A89: =A87+1 -> 44 | E89: creative | F89: FALSE | G89: FALSE | H89: FALSE | I89: TRUE | J89: =IF(AND(E89="child",F89=TRUE), 1,0) -> 0 | K89: =IF(AND(E89="peer",F89=TRUE), 1,0) -> 0 | L89: =IF(AND(E89="short",F89=TRUE), 1,0) -> 0 | M89: =IF(AND(E89="creative",F89=TRUE), 1,0) -> 0
A90: =A88+1 -> 45 | B90: A | C90: TTA_066 | D90: 45709 | E90: child | F90: TRUE | G90: TRUE | H90: FALSE | I90: FALSE | J90: =IF(AND(E90="child",F90=TRUE), 1,0) -> 1 | K90: =IF(AND(E90="peer",F90=TRUE), 1,0) -> 0 | L90: =IF(AND(E90="short",F90=TRUE), 1,0) -> 0 | M90: =IF(AND(E90="creative",F90=TRUE), 1,0) -> 0
A91: =A89+1 -> 45 | B91: B | C91: TTA_067 | D91: 45709 | E91: child | F91: TRUE | G91: TRUE | H91: FALSE | I91: FALSE | J91: =IF(AND(E91="child",F91=TRUE), 1,0) -> 1 | K91: =IF(AND(E91="peer",F91=TRUE), 1,0) -> 0 | L91: =IF(AND(E91="short",F91=TRUE), 1,0) -> 0 | M91: =IF(AND(E91="creative",F91=TRUE), 1,0) -> 0
A92: =A90+1 -> 46 | B92: A | C92: TTA_068 | D92: 45709 | E92: peer | F92: TRUE | G92: TRUE | H92: FALSE | I92: FALSE | J92: =IF(AND(E92="child",F92=TRUE), 1,0) -> 0 | K92: =IF(AND(E92="peer",F92=TRUE), 1,0) -> 1 | L92: =IF(AND(E92="short",F92=TRUE), 1,0) -> 0 | M92: =IF(AND(E92="creative",F92=TRUE), 1,0) -> 0
A93: =A91+1 -> 46 | E93: peer | F93: FALSE | G93: FALSE | H93: TRUE | I93: FALSE | J93: =IF(AND(E93="child",F93=TRUE), 1,0) -> 0 | K93: =IF(AND(E93="peer",F93=TRUE), 1,0) -> 0 | L93: =IF(AND(E93="short",F93=TRUE), 1,0) -> 0 | M93: =IF(AND(E93="creative",F93=TRUE), 1,0) -> 0
A94: =A92+1 -> 47 | B94: B | C94: TTA_069 | D94: 45709 | E94: short | F94: TRUE | G94: TRUE | H94: FALSE | I94: FALSE | J94: =IF(AND(E94="child",F94=TRUE), 1,0) -> 0 | K94: =IF(AND(E94="peer",F94=TRUE), 1,0) -> 0 | L94: =IF(AND(E94="short",F94=TRUE), 1,0) -> 1 | M94: =IF(AND(E94="creative",F94=TRUE), 1,0) -> 0
A95: =A93+1 -> 47 | E95: short | F95: FALSE | G95: FALSE | H95: TRUE | I95: FALSE | J95: =IF(AND(E95="child",F95=TRUE), 1,0) -> 0 | K95: =IF(AND(E95="peer",F95=TRUE), 1,0) -> 0 | L95: =IF(AND(E95="short",F95=TRUE), 1,0) -> 0 | M95: =IF(AND(E95="creative",F95=TRUE), 1,0) -> 0
A96: =A94+1 -> 48 | B96: A | C96: TTA_070 | D96: 45709 | E96: creative | F96: TRUE | G96: TRUE | H96: FALSE | I96: FALSE | J96: =IF(AND(E96="child",F96=TRUE), 1,0) -> 0 | K96: =IF(AND(E96="peer",F96=TRUE), 1,0) -> 0 | L96: =IF(AND(E96="short",F96=TRUE), 1,0) -> 0 | M96: =IF(AND(E96="creative",F96=TRUE), 1,0) -> 1
A97: =A95+1 -> 48 | B97: B | C97: TTA_071 | D97: 45709 | E97: creative | F97: TRUE | G97: TRUE | H97: FALSE | I97: FALSE | J97: =IF(AND(E97="child",F97=TRUE), 1,0) -> 0 | K97: =IF(AND(E97="peer",F97=TRUE), 1,0) -> 0 | L97: =IF(AND(E97="short",F97=TRUE), 1,0) -> 0 | M97: =IF(AND(E97="creative",F97=TRUE), 1,0) -> 1
A98: =A96+1 -> 49 | B98: A | C98: TTA_072 | D98: 45709 | E98: child | F98: TRUE | G98: TRUE | H98: FALSE | I98: FALSE | J98: =IF(AND(E98="child",F98=TRUE), 1,0) -> 1 | K98: =IF(AND(E98="peer",F98=TRUE), 1,0) -> 0 | L98: =IF(AND(E98="short",F98=TRUE), 1,0) -> 0 | M98: =IF(AND(E98="creative",F98=TRUE), 1,0) -> 0
A99: =A97+1 -> 49 | E99: child | F99: FALSE | G99: FALSE | H99: FALSE | I99: TRUE | J99: =IF(AND(E99="child",F99=TRUE), 1,0) -> 0 | K99: =IF(AND(E99="peer",F99=TRUE), 1,0) -> 0 | L99: =IF(AND(E99="short",F99=TRUE), 1,0) -> 0 | M99: =IF(AND(E99="creative",F99=TRUE), 1,0) -> 0 | Q99: child_sum | R99: =SUM(J2:J175) -> 35
A100: =A98+1 -> 50 | B100: B | C100: TTA_073 | D100: 45709 | E100: peer | F100: TRUE | G100: TRUE | H100: FALSE | I100: FALSE | J100: =IF(AND(E100="child",F100=TRUE), 1,0) -> 0 | K100: =IF(AND(E100="peer",F100=TRUE), 1,0) -> 1 | L100: =IF(AND(E100="short",F100=TRUE), 1,0) -> 0 | M100: =IF(AND(E100="creative",F100=TRUE), 1,0) -> 0 | Q100: peer_sum | R100: =SUM(K2:K176) -> 34
...
